country-year,Sum of  gdp_for_year ($) 
United States2015,217448568000000
United States2014,209131308000000
United States2013,200298204000000
United States2012,193863060000000
United States2011,186215112000000
United States2010,179572464000000
United States2008,176622984000000
United States2007,173731620000000
United States2009,173024868000000
United States2006,166270656000000
United States2005,157124712000000
United States2004,147299136000000
United States2003,138128040000000
United States2002,131730168000000
United States2001,127461888000000
United States2000,123417348000000
United States1999,115927488000000
United States1998,109070016000000
United States1997,103302180000000
United States1996,97202412000000
United States1995,91968720000000
United States1994,87705060000000
United States1993,82544616000000
United States1992,78471588000000
Japan2012,74438557456008
United States1991,74088516000000
Japan2011,73889515137888
United States1990,71755068000000
Japan2010,68401177376928
United States1989,67892316000000
Japan1995,65389395659772
United States1988,63031548000000
Japan2009,62776592095128
Japan2013,61868604675252
Japan2008,60454901581368
Japan1994,58884472613640
Japan2000,58650235928940
United States1987,58442604000000
Japan2014,58204962432456
Japan1996,58004550506484
Japan2004,57781786252344
Japan2005,57064927570944
United States1986,55081860000000
Japan1999,54744945868020
Japan2006,54364526699640
Japan2007,54183174173172
Japan1993,53449726523364
Japan2003,53347896854664
Japan1997,52976794122528
Japan2015,52739733034536
United States1985,52160808000000
Japan2001,51642531118116
Japan2002,49381395348840
Japan1998,48390117130476
Japan1992,46905713561568
Germany2014,46687282720164
Germany2011,45092379373416
Germany2013,45030162039336
Germany2008,45028387285776
Japan1991,43013040925212
Germany2012,42527806909776
Germany2007,41279441554884
Germany2009,41016060016668
Germany2010,41005134751788
Germany2015,40507333208904
Japan1990,37593811834176
United Kingdom2007,36892316926776
Japan1988,36860196158148
Japan1989,36658969995156
United Kingdom2014,36273933382572
Germany2006,36029356417008
France2008,35020594697520
United Kingdom2008,34686772058820
United Kingdom2015,34626843709932
Germany2005,34336923268248
France2011,34336898043180
France2014,34225989127560
Germany2004,33830941147260
France2013,33732932708448
United Kingdom2013,32877824171160
United Kingdom2006,32311352345904
France2009,32282667407616
France2012,32205902701116
United Kingdom2012,31945022021988
France2007,31886558992608
France2010,31711314587160
United Kingdom2011,31436404856796
Brazil2011,31394418938304
Germany1995,31099440425820
Japan1987,30393702877884
United Kingdom2005,30248421818184
Germany2003,30068803611744
Germany1996,30043982323884
Brazil2013,29673683038824
Brazil2012,29582264092980
Brazil2014,29471923501908
United Kingdom2010,29294080736760
United Kingdom2004,28782665690220
Italy2008,28688749963380
United Kingdom2009,28593911824272
France2006,27823123823856
Russian Federation2013,27565536468696
Italy2011,27315508855212
Germany1998,26918706235416
Germany1997,26624272501692
Russian Federation2012,26523083723340
Brazil2010,26506459754436
Germany1994,26471592141744
Italy2007,26436640569396
Germany1999,26399488600044
France2005,26353513244616
Italy2009,26221922200608
Italy2014,25820794418916
Italy2013,25565895847908
Italy2010,25500698930916
Germany1992,25477570444584
France2004,25388909858460
Germany2002,24949632975720
Japan1986,24947440004088
Italy2012,24873877884720
Germany1993,24822666508932
Russian Federation2014,24763951982064
Russian Federation2011,24619940784720
United Kingdom2003,24460741224492
Germany2001,23407785234900
Germany2000,23399447208408
Italy2006,23311605570192
Germany1991,22342486741308
Italy2005,22231943788092
Canada2013,22111536069960
France2003,22085769751692
Italy2015,21994421886408
Canada2012,21891465089376
Brazil2015,21626572484892
Italy2004,21579777005220
Canada2011,21463774872576
United Kingdom2002,21220899280572
Germany1990,21179615387004
Brazil2008,20349894863124
Brazil2009,20004237371208
United Kingdom1999,19987484225856
Russian Federation2008,19930132902000
United Kingdom2000,19775415342720
United Kingdom1998,19662133156680
Spain2008,19620184561296
United Kingdom2001,19458120051816
Canada2010,19361573073732
France1996,19268101038600
France1995,19213137074520
Australia2013,18884358264084
Italy2003,18835795936800
United Kingdom1997,18629803536348
Canada2008,18589574507964
Australia2012,18520932150960
Russian Federation2010,18298993344948
France1998,18037304869908
Spain2009,17989196999172
France2002,17931439864488
France1999,17911770722352
Spain2011,17856807099900
Spain2007,17752099644132
Canada2007,17579726282472
Australia2014,17579465711928
France1997,17434619015508
Spain2010,17179400995680
Republic of Korea2014,16936007114412
United Kingdom1996,16905379095168
France1992,16817591078064
Japan1985,16786712937852
Brazil2007,16765012151400
Australia2011,16731369417336
France1994,16727793005676
Republic of Korea2015,16593168325368
Spain2014,16522929732492
France2001,16517583892620
Canada2009,16453836059832
Russian Federation2015,16420808465892
France2000,16346987285796
Spain2013,16342250478588
Australia2015,16188408353436
Spain2012,16032227397672
United Kingdom1995,16022622692124
France1993,15873787352328
Italy1992,15789683830320
Canada2006,15784982369532
Mexico2014,15772623960876
Italy1996,15707152214832
Republic of Korea2013,15667259775264
Russian Federation2007,15596462972232
Mexico2013,15293316943308
France1991,15231321939312
France1990,15230155402968
Italy2002,15198127611516
Italy1998,15195710940108
Spain2006,15174617990220
Italy1999,14982758150436
Italy1991,14905312770408
Italy1997,14868611186904
Republic of Korea2012,14673687413820
Russian Federation2009,14671724363904
Republic of Korea2011,14429564191608
Mexico2012,14413080223248
Spain2015,14373478833288
Mexico2011,14165874767568
United Kingdom1992,14155914355920
Italy1990,14127915533292
Italy1995,14049448234872
Mexico2015,14035472069556
Canada2005,14032295758380
Italy2001,13947814228188
Spain2005,13887317497824
Australia2010,13731126574476
United Kingdom1991,13713566137572
Italy2000,13701119955780
United Kingdom1994,13685876951328
Republic of Korea2007,13472149855584
Mexico2008,13319868460068
Brazil2006,13291683574680
Italy1994,13147090004328
Republic of Korea2010,13133992064436
United Kingdom1990,13118032670460
Spain2004,12834666004464
Italy1993,12737342709492
United Kingdom1993,12736664667072
Mexico2010,12693615384612
Mexico2007,12632355387348
Australia2008,12631015219332
France1989,12302541640968
Canada2004,12278352036900
France1988,12226164519324
Republic of Korea2006,12141569485668
Republic of Korea2008,12026628635616
Russian Federation2006,11879166507348
Mexico2006,11704645580592
Turkey2013,11406952959348
Netherlands2008,11234738538156
Turkey2014,11210230985604
France1987,11210079668232
United Kingdom1989,11122617801048
Australia2009,11117378883816
Italy1989,11107176816252
United Kingdom1988,10921472785488
Spain2003,10882239277656
Republic of Korea2009,10823219440380
Mexico2009,10800544344540
Republic of Korea2005,10777646336592
Netherlands2011,10725087446424
Canada2003,10708571836416
Brazil2005,10699562109756
Italy1988,10664014961028
Brazil1997,10598395503900
Netherlands2014,10555621009500
Mexico2005,10529714656584
Turkey2012,10487786953224
Netherlands2013,10400160004404
Brazil1998,10364680939596
Turkey2015,10317562473528
Netherlands2009,10295193109200
Australia2007,10223553427020
Brazil1996,10205117195904
Netherlands2007,10073035860936
Netherlands2010,10036679246748
Turkey2011,9990284174328
Netherlands2012,9947361748764
Italy1987,9636665026596
Mexico2004,9386887223820
Mexico2002,9265276547220
Turkey2010,9262821224376
France1986,9257649398616
Brazil1995,9231664634196
Republic of Korea2004,9178567736532
Russian Federation2005,9168205295904
Netherlands2015,9095993439768
Canada2002,9095408143764
Mexico2001,9080475607080
Australia2006,8946262353996
United Kingdom1987,8941951299228
Canada2000,8907521379036
Canada2001,8836557334716
Mexico2003,8752035836124
Netherlands2006,8719789235976
Switzerland2014,8510190719220
Mexico2000,8494880934900
Spain2002,8461750423488
Switzerland2011,8394955663656
Switzerland2013,8262050081172
Republic of Korea2003,8166248688744
Switzerland2015,8151470002296
Netherlands2005,8142405173484
Canada1999,8112991855692
Brazil2004,8031799848204
Switzerland2012,8016523369476
Brazil2000,7865047745724
Canada1997,7833904376712
Netherlands2004,7806391854984
Netherlands2016,7772275415810
Turkey2009,7735678830972
Spain1996,7691979508740
Italy1986,7659287833224
Spain1999,7598329426800
Canada1998,7581759352884
Spain1992,7550428704048
Canada1996,7542556655664
Spain2001,7511710067112
Spain1998,7404503842296
Spain1995,7355276220972
Australia2004,7342851045672
Canada1991,7323938203716
Republic of Korea2002,7308240654144
Canada1995,7248379481196
Brazil1991,7234320000000
United Kingdom1986,7217431838172
Mexico1999,7202794488516
Brazil1999,7192662959832
Republic of Korea1996,7177188886812
Spain2000,7144831398564
Argentina2015,7136991424956
Canada1990,7127154610896
Canada1992,7108652271036
Russian Federation2004,7092200288916
Spain1997,7064304545460
Switzerland2010,7005395734392
Sweden2013,6944904017856
Canada1994,6937671353256
Canada1993,6926049143472
Spain1991,6907182444840
Sweden2014,6885812629308
Netherlands2003,6862361173812
Canada1989,6780668918916
Sweden2011,6757315959492
Republic of Korea2000,6739597510080
Brazil2001,6712467312984
Brazil2003,6699839049984
Brazil1994,6697343969964
Republic of Korea1997,6690036897264
Republic of Korea1995,6673571122956
Switzerland2008,6652361845440
France1985,6637660972404
Argentina2013,6624301683024
Argentina2012,6551788508412
Poland2014,6542155016640
Sweden2012,6526567773084
Switzerland2009,6498078004968
Spain1990,6421214985312
Poland2008,6405789473688
Republic of Korea2001,6396624915768
Belgium2014,6369251731608
Argentina2011,6361959378900
Spain1994,6349458927840
Poland2011,6345986229240
Mexico1994,6333758857512
Belgium2011,6324101446644
Mexico1998,6318025552536
Argentina2014,6315836084784
Poland2013,6290811871164
Spain1993,6283793781144
Norway2013,6282025531920
Belgium2013,6251105627436
Belgium2008,6223510766076
Russian Federation1991,6215555555556
Russian Federation1990,6201771288264
Sweden2008,6167587807800
Norway2012,6122749634724
Brazil2002,6095549852400
Canada1988,6088252214184
Russian Federation1989,6078002087520
Mexico1993,6008832787260
Mexico1997,6004961797308
Poland2012,6004329801936
Norway2014,5992062417348
Norway2011,5985978707112
Sweden2015,5975017311624
Belgium2012,5974610598828
United Kingdom1985,5871421971252
Sweden2010,5860532274780
Sweden2007,5853795940104
Republic of Korea1999,5822978752044
Belgium2009,5814633509304
Belgium2010,5802576374364
Switzerland2007,5758956411864
Poland2010,5751857526612
Poland2015,5728267409472
Belgium2007,5661853271280
Australia2003,5595536400696
Netherlands2002,5584426877472
Norway2008,5550653191488
Brazil1990,5543421384000
Russian Federation1992,5523486682812
Republic of Korea1994,5467235546700
Belgium2015,5460474757596
Italy1985,5408709792516
Netherlands1995,5358347515788
Netherlands1996,5348454901956
Netherlands1999,5303703388020
Austria2014,5302624989672
Poland2009,5277553924548
Brazil1993,5253582931680
Russian Federation1993,5221004566212
Australia1997,5214816090156
Netherlands1998,5189713397028
Canada1987,5175800904972
Austria2011,5173443721068
Switzerland2006,5171054308500
Russian Federation2003,5164173248784
Austria2008,5163531448656
Austria2013,5160824555664
Sweden2009,5155884397296
Norway2010,5149571432508
Poland2007,5148762599808
Sweden2016,5144599728060
Netherlands2001,5118883221480
Brazil1989,5107143720000
Argentina2010,5083529065104
Thailand2013,5043999999996
Sweden2006,5040385459872
South Africa2011,5002537949292
Australia2000,4980410726616
Spain1989,4963566456216
Netherlands2000,4953687119952
Netherlands1997,4946388073188
Mexico1996,4931707143720
Belgium2006,4917758374104
Austria2012,4913102809860
Switzerland2005,4904272247988
Thailand2014,4888072340352
Russian Federation1997,4859118409680
Thailand2015,4816793069316
Norway2007,4812991452996
Brazil1992,4807191000000
Australia1996,4803632776932
Austria2009,4802067574332
Australia1998,4786789662888
Thailand2012,4770697131240
South Africa2012,4755992431668
Russian Federation1995,4746372798756
Russian Federation1994,4740927614976
Australia2002,4733840519040
Switzerland2004,4729964263452
Austria2010,4702712958540
Russian Federation1996,4700639925084
Sweden2005,4668507580524
Austria2007,4664297344644
Australia1999,4660741947612
Belgium2005,4648389006348
Norway2015,4639957672836
Norway2009,4639469490960
Republic of Korea1993,4635634071288
Austria2015,4584791163696
Sweden2004,4580465103624
Colombia2013,4562302582320
Australia2001,4538581088328
Colombia2014,4538348600568
Canada1986,4529255127744
South Africa2010,4503577613280
Spain1988,4501664679900
Netherlands1994,4491497163816
Republic of Korea1998,4490896221024
Belgium2004,4450620312888
Thailand2011,4449824968764
Colombia2012,4435916404512
Australia1995,4406596376592
South Africa2013,4401952685748
Canada1985,4377077993412
Mexico1992,4363309961544
Argentina2008,4338696445320
Mexico1995,4320886910928
Netherlands1992,4299964630080
Greece2008,4253529630588
Denmark2008,4240332672960
Denmark2014,4235923598652
Switzerland2003,4234977848964
South Africa2014,4210854903504
Republic of Korea1992,4200613335036
Netherlands1993,4188453817272
Norway2006,4145095972428
Russian Federation2002,4141325264304
Poland2006,4136983758696
Denmark2011,4128038516352
Denmark2013,4123012627128
Thailand2016,4117551648330
Switzerland1995,4111404085248
Thailand2010,4093260114180
Austria2006,4031982687240
Colombia2011,4024981880424
Argentina2009,3995717814936
Sweden2003,3973306951260
Brazil1988,3964768583976
Switzerland1996,3961100260200
Greece2009,3960003025836
Denmark2012,3925786799544
Republic of Korea1991,3908810799756
Austria2016,3907999911470
Australia1991,3904299505536
Australia1992,3898537260636
Netherlands1991,3879845398872
Australia1994,3866415773088
Denmark2010,3863944204164
Denmark2009,3854896752408
Denmark2007,3833080441608
Belgium2003,3828033860040
Greece2007,3821975242812
Spain1987,3814586244444
South Africa2015,3812892470376
Austria2005,3791693023260
United Arab Emirates2008,3785695388868
Mexico1991,3773448184464
Netherlands1990,3771212012100
Singapore2014,3738473995740
Australia1993,3738347386176
Australia1990,3730056175452
Norway2005,3704664959256
Israel2014,3701003785680
Russian Federation2001,3679232087760
Poland2005,3673502086236
Singapore2013,3653451929988
Singapore2015,3649173116088
Switzerland2002,3617001722568
Denmark2015,3615581578332
Austria2004,3610850658060
Greece2010,3592338918696
Australia1989,3591811741716
Israel2015,3589126076280
South Africa2007,3588402132000
Argentina1998,3587379000000
South Africa2009,3566600768028
Switzerland1998,3540541824252
Brazil1987,3529009348716
Argentina1997,3514308000000
Israel2013,3509870222328
Colombia2015,3498235098396
Thailand2008,3496596974784
Singapore2012,3488084180208
Switzerland1999,3478949908140
United Arab Emirates2010,3477448059900
Belgium1995,3474807881772
Sweden1996,3457247241276
Greece2011,3453573865116
Argentina2007,3450366101172
South Africa2008,3445199898204
Colombia2010,3444218215656
Switzerland1997,3438229623924
Argentina2000,3410445000000
Finland2008,3404909916504
Argentina1999,3402276000000
Denmark2006,3394618954728
Thailand2009,3380521148700
Belgium1996,3376298110752
Sweden1992,3363747826980
Republic of Korea1990,3352192268568
Switzerland2001,3343575256692
Chile2013,3340611992328
Singapore2011,3311603116548
Ireland2008,3300240281232
Finland2011,3284090841276
Greece2006,3279812844564
Finland2014,3271311464280
Argentina1996,3265797000000
Switzerland2000,3264665999292
South Africa2006,3261733065372
Russian Federation1998,3251437403400
Sweden1999,3250175251740
Sweden1991,3244350376524
Finland2013,3239761339716
Ireland2007,3239010238164
Argentina2001,3224361000000
Brazil1986,3217646696760
Chile2012,3205467840684
Sweden1998,3201605554788
Sweden1997,3173732727348
Denmark2005,3173607697308
Norway2004,3172289935908
Sweden1995,3168623778612
Sweden2002,3167114643996
Thailand2007,3155311806528
Mexico1990,3152519377092
Portugal2008,3144091085400
Austria2003,3140349345372
Israel2011,3139542577008
Belgium1998,3127222938432
Chile2014,3127009086852
Belgium1999,3122429149800
Sweden2000,3117624151404
Russian Federation2000,3116501955204
Belgium2002,3106325239980
Netherlands1988,3102813013716
Sweden1990,3097851406908
Ireland2014,3097188168504
Argentina1995,3096381000000
United Arab Emirates2007,3094993601088
South Africa2005,3092056965012
Argentina1994,3089280000000
Israel2012,3087558954948
Finland2012,3080477593092
Finland2007,3064615384620
Poland2004,3061227034116
Netherlands1989,3060474728880
Belgium1997,3057763193508
United Arab Emirates2009,3042568304964
Chile2011,3027023904348
Finland2009,3017988330096
Denmark2004,3016476440052
Spain1986,3007661561604
Finland2010,2973597789216
Greece2005,2973396022380
Belgium1994,2954339265012
Greece2012,2948047999668
Portugal2011,2938741220544
Chile2015,2927993732856
Colombia2008,2927789254452
Portugal2009,2924948985828
Republic of Korea1989,2922312572604
Netherlands1987,2903025493476
Austria1995,2892459396756
Greece2004,2886255131856
Portugal2007,2882032033944
Sweden2001,2879007851604
Greece2013,2878344137400
Ireland2013,2872672088640
Ireland2011,2868222438984
Portugal2010,2859641321100
Belgium2000,2854859038140
Belgium2001,2854103624160
Austria1996,2847011385492
Greece2014,2844354951132
Argentina1993,2840900580180
Kazakhstan2013,2839614624936
Singapore2010,2837061386136
Ireland2009,2835736037784
Belgium1992,2832460613304
Czech Republic2008,2828623042812
Australia1988,2828399301516
Colombia2009,2805860046528
Israel2010,2803314265092
Argentina2006,2790687129804
Finland2015,2789577996792
Ireland2006,2785026420780
Portugal2014,2755557865464
South Africa2004,2747248174392
Argentina1992,2745463406424
Norway2003,2745029236464
Czech Republic2011,2735380195992
Sweden1994,2712959564544
Portugal2013,2712881915592
Belgium1993,2711096159052
Ireland2012,2706862238328
Philippines2011,2689717004484
Mexico1989,2675724558192
Brazil1985,2675313485220
United Arab Emirates2006,2665398502380
Ireland2010,2663416257144
Thailand2006,2661101842560
Kazakhstan2014,2656986873840
Chile2010,2622450614640
Austria1998,2619118852824
Denmark2003,2617151965020
Poland2003,2610156591504
Austria1999,2606229448116
Finland2006,2598630033876
Portugal2012,2596418143908
Israel2008,2590084255524
Sweden1989,2578504138920
Romania2008,2563260788436
Austria2002,2560533258048
Austria1997,2553484180860
Ireland2005,2539809177960
Belgium1991,2539653798468
Sweden1993,2519409512556
Czech Republic2013,2512829339952
Kazakhstan2012,2495982826392
Czech Republic2014,2493819968688
Czech Republic2010,2489734295028
Israel2009,2489032442892
Colombia2007,2488997935704
Czech Republic2012,2488517124252
Belgium1990,2477170098024
Qatar2014,2474696703300
Czech Republic2009,2474159785968
Finland2005,2453232185052
Sweden1988,2448819093816
Austria1994,2442422912904
Greece2003,2423091243792
Philippines2010,2395089302268
Romania2014,2393921891796
Argentina2005,2384845140144
Qatar2013,2384732967036
Poland2002,2384167647060
Netherlands1986,2379581976252
Austria2001,2368054550340
Republic of Korea1988,2363570344644
Austria2000,2361597346596
Finland2004,2361216786684
Russian Federation1999,2350869212028
Greece2015,2346501134916
Norway2002,2345020165836
Austria1992,2340937516152
Ireland2004,2326444201644
Kazakhstan2011,2311518095664
Singapore2009,2308900653144
Singapore2008,2306710580256
Romania2013,2298588298932
New Zealand2013,2289422457168
Poland2001,2286255160116
Austria1993,2284556651124
Argentina1991,2276639811216
Thailand2005,2271821999448
Czech Republic2007,2270724609120
Australia1987,2268493912128
Denmark1996,2251588804392
Qatar2012,2242002197808
Czech Republic2015,2241959286552
Denmark1995,2220083535624
Mexico1985,2213670688980
Kazakhstan2015,2212661185788
Romania2011,2212408580988
Mexico1988,2197729972284
Thailand1996,2196421849284
Australia1986,2183729714604
United Arab Emirates2005,2167404220560
Sweden1987,2165151441552
Spain1985,2163628946772
Australia1985,2162291938332
Ukraine2008,2159908869984
Singapore2007,2159775462804
Chile2008,2155661955348
Israel2007,2144480613036
Denmark2002,2143621923564
Denmark1999,2135582695452
Romania2015,2134933220160
Denmark1998,2123904011460
New Zealand2012,2114314638612
Romania2007,2111203707504
Ukraine2012,2109376548612
South Africa2003,2103083003952
Philippines2008,2090341635036
Kuwait2013,2089933709448
Kuwait2012,2088840300108
Norway2001,2088038969268
Austria1991,2085530132700
Chile2007,2083271618148
Denmark1997,2082451056096
Thailand2004,2074745713836
Romania2009,2071342144104
Chile2009,2068673981340
Poland2000,2062627182996
Romania2012,2059975664604
Norway2000,2055787679796
Finland2003,2052853273140
Poland1999,2036612134812
Thailand1995,2031342634212
New Zealand2011,2021543984892
Philippines2009,2020015215120
Qatar2011,2013303296700
Romania2010,1999899933924
Austria1990,1997560639956
Belgium1989,1981201135140
Portugal2003,1979570343120
Denmark2001,1977496996200
Argentina2004,1975895165436
Qatar2015,1975697802192
Ireland2003,1971421354404
Denmark2000,1969905605520
Norway1996,1962213401964
Belgium1988,1958014242456
Ukraine2011,1957916060040
Czech Republic2016,1953050849190
Kuwait2014,1951576950108
Colombia2006,1951081753152
Norway1999,1947432044316
Norway1997,1936252438716
Poland1996,1919314565484
Hungary2008,1895981077584
Romania2016,1878059223490
Denmark1994,1873947740784
Czech Republic2006,1865565685356
Chile2006,1857456297672
Norway1998,1849982637744
Kuwait2011,1848330434784
Israel2006,1847602995732
Greece2002,1845971364204
South Africa1997,1831033854168
Thailand2003,1827367842528
Norway1995,1824328829400
Belgium1987,1802328932256
Thailand1997,1802163223788
Philippines2007,1792319016720
Kazakhstan2010,1776568178892
Singapore2006,1773566618412
South Africa1996,1771295792340
Kuwait2008,1768749999996
Thailand1994,1760201988072
New Zealand2010,1759005978456
Colombia2005,1758795178044
Republic of Korea1987,1753600058352
Greece1996,1750339353912
Greece1998,1733138074020
Greece1997,1717891200300
Ukraine2007,1712628118812
Greece1999,1710488747496
Israel2005,1709555106888
Poland1995,1705647835056
Netherlands1985,1704119067672
Finland1990,1698211786656
Argentina1990,1696228424580
Hungary2011,1689384775308
Mexico1987,1683160644324
Hungary2014,1681417685460
Hungary2007,1678209532644
Finland2002,1674635798988
South Africa1998,1653292332180
New Zealand2007,1647793047696
Greece1995,1642540394760
South Africa1999,1639583599308
South Africa2000,1636342257696
Czech Republic2005,1635368278692
Greece2001,1634296241616
Ukraine2010,1632157870860
Israel2004,1625340398388
Finland1999,1622710419780
Hungary2013,1622588453028
Thailand2002,1611610215060
Portugal2002,1610744370408
Finland1995,1610392156860
Finland1998,1607236315092
Ukraine2014,1602040936512
Kazakhstan2008,1601299346964
Austria1988,1600072764960
New Zealand2008,1599356153796
Austria1989,1597269671136
Israel2000,1588071735408
Finland1996,1585192855296
Hungary2010,1571071664268
Norway1992,1570056480816
Israel2001,1568473774452
Hungary2009,1567127527344
Greece2000,1561606149252
Mexico1986,1553291925468
Finland2001,1551001342284
Ireland2002,1535344551096
Finland1991,1534397882664
Hungary2012,1534279765296
Argentina2003,1531043681904
Portugal1999,1529586545916
Singapore2005,1529012256672
Norway1994,1525577533440
Qatar2016,1524519230770
Israel2003,1522379602908
Finland1997,1521997480248
Thailand1999,1520027185920
Thailand2000,1516707701976
Argentina1988,1514481806352
Finland2000,1506478717524
Qatar2010,1501467676152
Austria1987,1490021314320
Portugal1998,1487780837040
Romania2006,1482396440016
Chile2005,1475577744552
Hungary2015,1474548504024
Portugal1996,1471557754092
Philippines2006,1466528595720
Norway1991,1462469573796
South Africa2001,1459209819720
Portugal2001,1458550571808
New Zealand2009,1456063464300
Israel2002,1452832537800
Belgium1986,1447934644032
Norway1993,1446948873012
Norway1990,1437500199696
Czech Republic2004,1429946069616
Finland1989,1428776499936
Portugal2000,1420301879496
Portugal1995,1417603608864
Ukraine2009,1406733237504
Israel1999,1406279042544
Colombia2004,1404898365864
Portugal1997,1404554387652
Greece1994,1399221625284
Greece1992,1394696076516
Israel1998,1391750766564
South Africa2002,1388977321356
Republic of Korea1986,1386445515912
Kuwait2010,1385028611304
Kazakhstan2009,1383703933716
Hungary2006,1383542392704
Qatar2008,1383240659340
Israel1997,1376698344408
New Zealand2005,1376624656764
Kuwait2007,1375693173816
Singapore2004,1370262690804
Thailand1998,1364108473524
Hungary2005,1356424335804
Finland1992,1351505176536
New Zealand2006,1339306140972
Thailand1992,1337434432536
Argentina1987,1333274296296
Argentina1986,1331213313156
Poland1994,1329640698204
Israel1996,1319487863520
Ireland2001,1309602147648
Finland1988,1309236673776
Greece1993,1305708706308
Ukraine2006,1293036831684
Portugal1992,1291232268492
Colombia1997,1279914099252
Kuwait2009,1270799166084
Greece1991,1261718788560
Kazakhstan2007,1258198641912
Hungary2016,1258166404210
Hungary2004,1248799314216
New Zealand2004,1246854453780
Finland1994,1239858850308
Puerto Rico2015,1237722000000
Norway1989,1231605474696
Puerto Rico2013,1229400000000
Puerto Rico2014,1229349600000
Norway1988,1222803130272
Ecuador2014,1220715972000
Puerto Rico2012,1218777600000
Kuwait2006,1218607856652
Slovakia2014,1211378843292
Puerto Rico2011,1204220040000
Israel1995,1204118634084
Slovakia2008,1203895526580
Republic of Korea1985,1203277166040
Singapore1997,1201967941812
Colombia2000,1198638927972
Ireland2000,1198242343836
Portugal1994,1196381439132
Romania2005,1196370800016
Czech Republic2003,1195525683288
Ecuador2015,1191484572000
Chile2004,1190524714296
Austria1986,1188433982520
Ireland1999,1184302194756
Slovakia2013,1181740191780
Colombia1998,1181324879292
Puerto Rico2010,1180575216000
Thailand1991,1178816348664
Colombia2001,1178442553872
Colombia2002,1175200703712
Greece1990,1174693091148
Qatar2009,1173580219776
Argentina2002,1172688051024
Colombia1996,1165921311336
Singapore2003,1164016530828
Singapore1996,1156845106380
Puerto Rico2009,1156627656000
Poland1993,1152547740312
Singapore2000,1150007192580
Ecuador2013,1141555908000
Portugal1993,1140229243236
Colombia2003,1136215009956
Poland1992,1132044608316
Norway1987,1130760667908
Puerto Rico2008,1123671792000
Slovakia2012,1120967915472
Colombia1995,1110087352596
Singapore2002,1103294314752
Finland1987,1099705126476
Ukraine2015,1092371513460
Ireland1998,1080984411792
Puerto Rico2007,1074289579200
Slovakia2010,1074012154992
Singapore2001,1071434503548
Finland1993,1071069012180
Portugal1991,1070908595532
Slovakia2009,1067347502088
Argentina1985,1061000026800
New Zealand2003,1059010626600
Ecuador2012,1055094528000
Singapore1995,1054680118524
Puerto Rico2006,1047313972800
Cuba2015,1045593600000
Belgium1985,1040760465516
Israel1994,1035685631964
Slovakia2007,1035650949900
Singapore1999,1035397522128
Colombia1999,1034233904220
Ukraine2005,1033704216828
Singapore1998,1028491634796
Poland1991,1026011231220
Thailand1990,1024116767592
Hungary2003,1023897262092
Chile1997,1019428331064
Puerto Rico2005,1006974255600
Philippines2003,1006898479776
Philippines1999,995941749504
Ireland1997,993913753584
Ukraine1989,992509933188
Philippines1997,988131126852
Czech Republic2002,982929263928
Colombia1994,980442010152
Chile1998,978929162172
Ukraine1990,977483024148
Philippines2002,976291267704
Oman2014,972920676204
Philippines2000,972315603732
Kazakhstan2006,972046614540
Kuwait2005,969575342460
Cuba2014,967873200000
Puerto Rico2004,963867756000
Qatar2007,956545054944
Ecuador2011,951319968000
Greece1989,950028523704
Belarus2014,945766079808
Portugal1990,944659290108
Norway1986,944319039312
Chile1996,936474866664
Chile2000,934331185824
Ukraine1991,929574733800
Cuba2013,925776000000
Argentina1989,919642776432
Philippines2001,915144869616
Greece1988,915135340860
Romania2004,914597297544
Israel1993,911455696260
Ireland1996,910567590720
Chile2003,907721518080
Israel1992,906910835184
Belarus2013,906335810808
Chile1999,902085533964
Puerto Rico2003,897928800000
Ukraine1988,896442214836
Ukraine1992,887306823960
Singapore1994,885333507924
Chile1995,881364759828
Cuba2012,877692000000
Philippines1998,866484345204
Puerto Rico2002,859482000000
Chile2001,851759087520
Slovakia2006,847160752728
Croatia2008,845777417388
New Zealand1996,841690023588
Chile2002,836841737220
Ecuador2010,834664404000
Austria1985,832641293700
Ireland1995,830671515156
Puerto Rico2001,830500800000
Cuba2011,827880000000
Hungary2002,812602646436
Israel1991,810362642628
Czech Republic2001,810283707144
Czech Republic1996,803829185268
New Zealand2002,799532751732
Czech Republic1998,797884465260
Luxembourg2014,795928130268
New Zealand1997,792894156216
Poland1990,791732988444
Greece1987,787833013584
Ukraine1993,787782718836
Ukraine2004,778596728712
Czech Republic1999,778409798316
Cuba2010,771936000000
Ukraine1987,769052328456
New Zealand1995,767016471840
Guatemala2015,765211166328
Uzbekistan2014,756804926148
Croatia2009,752437716684
Slovakia2005,752370481284
Ecuador2009,750236232000
Croatia2011,748500533316
Cuba2009,744960000000
Czech Republic1997,741505934016
Ecuador2008,741151620000
Belarus2011,741093467340
Luxembourg2013,740872226544
Puerto Rico2000,740421600000
Czech Republic2000,739793913804
Qatar2006,730585714284
Cuba2008,729675600000
Belarus2008,729161797752
Singapore1993,727734868176
Portugal1989,727200679908
Croatia2007,721118672508
Luxembourg2011,720055562808
Romania2003,718413614460
Croatia2010,717954892692
Czech Republic1995,717308364732
Kuwait2004,713281303020
Israel1990,707843975004
New Zealand1999,705147127512
Guatemala2014,704667887016
Oman2010,703708712616
Cuba2007,703246800000
Croatia2013,697030272228
Puerto Rico1999,694092000000
Luxembourg2015,693413943180
Uzbekistan2013,692285441532
Croatia2014,691554225672
Uruguay2013,690374800212
Bulgaria2011,689020974048
Slovakia2004,686886421656
Uruguay2014,686832157032
Belarus2010,686669889228
Ireland1994,685992445224
Kazakhstan2005,685484060808
Chile1994,684101103552
Bulgaria2014,680783882784
Luxembourg2012,680135541444
Croatia2012,678785703300
Greece1986,676555124640
Portugal1988,676233568248
New Zealand1998,674732354340
Ireland1992,671826077988
Luxembourg2008,670196238468
Colombia1993,669630458628
Bulgaria2013,669105048864
Slovenia2008,667078189536
New Zealand1994,661849929792
Bulgaria2008,652909661976
Philippines1993,652417007436
Panama2015,651788670000
Puerto Rico1998,649036800000
Bulgaria2012,646836268068
New Zealand2001,646469111004
Guatemala2013,646212707460
Hungary2001,645855780792
Uruguay2015,639291650664
Luxembourg2010,638549721744
Philippines1992,635716139148
Cuba2006,632913600000
New Zealand2000,631474114080
Ukraine1994,630594661788
Ireland1993,629763038028
Singapore1992,625876979748
Bulgaria2009,622613776920
Uzbekistan2012,621858880056
Luxembourg2009,616446518472
Slovenia2011,615489504216
Uruguay2012,615172681392
Ecuador2007,612093324000
Luxembourg2007,610657612920
Bulgaria2010,607320698520
Costa Rica2014,606933238056
Thailand1987,606425264352
Croatia2006,605442934776
Guatemala2012,604661458332
Slovenia2009,602937525984
Ukraine1997,601804797504
Ukraine2003,601595439456
Israel1988,600945214836
Panama2014,599057572800
Slovenia2014,598859140020
Israel1989,598577207892
Ireland1991,598165542396
Costa Rica2013,596941057344
Croatia2015,593106163332
Ireland1990,592376175072
Chile1993,591573277560
Colombia1992,591355024260
Serbia2008,591114312636
Belarus2009,590514285720
Hungary1999,590045212692
Hungary1998,585245602068
Lithuania2014,582196460652
Oman2009,580659557868
Ukraine1995,578566418136
Portugal1987,578252014236
Puerto Rico1997,578244468000
Slovenia2013,577395083112
Slovenia2007,577376258412
Slovenia2010,576163280940
Kuwait2003,574510067112
Lithuania2008,574206613788
Greece1985,573850211700
Guatemala2011,571858093356
Czech Republic1994,570656095092
Hungary2000,567727486644
Hungary1997,567482167068
Ecuador2006,561624528000
Slovakia2003,560781209928
New Zealand1993,560544217692
Hungary1996,559917561276
Costa Rica2012,557677539432
Serbia2011,557600744004
Hungary1995,557026998000
Lithuania2013,557008084500
Slovenia2012,556233633192
Romania2002,554094690672
Chile1992,551571930708
Uzbekistan2011,550982294268
Panama2013,547199928000
Serbia2013,546235810932
New Zealand1990,546228410928
New Zealand1988,545916908208
Singapore1991,545693314032
Croatia2005,544996302024
Puerto Rico1996,544090020000
Belarus2007,543328797768
Ukraine1996,534696933924
Qatar2005,534365934060
Bulgaria2007,532937718684
Serbia2014,530529676392
New Zealand1989,530046753864
Turkmenistan2014,522290526312
Lithuania2011,521722480956
Hungary1994,517924705488
Kazakhstan2004,517819764036
Thailand1986,517160953464
Slovenia2015,516868980204
Lithuania2012,514178343072
Croatia2016,513385248310
New Zealand1991,513072248484
Puerto Rico1995,511767972000
Cuba2005,511726032900
Serbia2009,511399839600
Luxembourg2006,508971697404
Ukraine2002,508714752372
Costa Rica2011,507152374080
Romania1989,505263157896
Romania1998,503712032448
Ukraine1998,502598897664
New Zealand1992,499632071460
Croatia2004,498894369792
Lithuania2015,498103310796
Ecuador2005,498085020000
Guatemala2010,496063144572
Colombia1991,494874616536
Israel1987,491357092440
Serbia2012,488907766332
Romania2001,488602043976
Czech Republic1993,487372202364
Czech Republic1990,485728838640
Panama2012,485156812800
New Zealand1987,484063138344
Serbia2007,483474679872
Uruguay2010,483413779824
Colombia1990,483290455140
Hungary1993,481428879912
Lithuania2007,476858160924
Puerto Rico1994,476287560000
Slovenia2006,475052784348
Colombia1989,474480962400
Serbia2010,473524292772
Uzbekistan2010,471993251148
Ireland1989,471424621056
Colombia1988,470550600600
Turkmenistan2013,470370526320
Guatemala2008,469642720140
Romania1990,467945454540
Thailand1985,466808312544
Portugal1986,464996588664
Hungary1992,464699344416
Cuba2004,458436000000
Kuwait2002,457650542940
Ukraine2001,456112134924
Chile1991,454017524760
Ireland1988,453817611036
Guatemala2009,452807939712
Kuwait2000,452542372884
Romania1995,451944909000
Lithuania2009,449288081736
Romania2000,449262333600
Luxembourg2005,448168735236
Costa Rica2010,447223623444
Romania1996,446195264352
Serbia2015,445923989580
Lithuania2010,445446212328
Puerto Rico1993,443069472000
Ecuador2004,439099932000
Colombia1987,436479685020
Slovenia2005,436163688096
Romania1999,434196047736
Singapore1990,433824334716
Cuba2003,430814400000
Romania1997,430063058040
Turkmenistan2015,429595542852
Lithuania2016,427730298350
Latvia2008,427152199968
Turkmenistan2012,421970526312
Slovakia2002,421003297572
Colombia1986,419309876208
Colombia1985,418732936224
Kuwait2001,418689272904
Hungary1991,416982099984
Panama2011,416234691600
Luxembourg2004,416223382176
Croatia2003,415897361964
Puerto Rico1992,415565160000
Czech Republic1992,415080633744
Slovenia2004,413642729448
Bulgaria2006,409561469892
Guatemala2007,409357285032
Israel1986,409002386340
Ireland1987,407533707864
Uzbekistan2009,404270684076
Cuba2002,403086000000
Bahrain2014,400652553192
Chile1990,397366653816
Azerbaijan2007,396604125396
Bahrain2013,390474574464
Ecuador2003,389194296000
Puerto Rico1991,387444372000
Qatar2004,380808791208
Cuba2001,380188800000
Uruguay2009,379930935324
Ukraine1999,378967668540
Kuwait1996,377927851704
Latvia2014,376020165024
Ukraine2000,375138328356
Latvia2007,370816791132
Paraguay2014,370574002224
Kazakhstan2003,370004396436
Bahrain2012,368991702132
Slovakia2001,368436209400
Costa Rica2008,367355194512
Serbia2006,367295902344
New Zealand1986,367256020284
Puerto Rico1990,367247028000
Cuba2000,366784800000
Costa Rica2009,366748333476
Cuba1995,365157643812
Singapore1989,365082886104
Slovakia1999,364981150644
Uruguay2008,364394557428
Kuwait1997,364253214636
Latvia2013,363056127564
Guatemala2006,362774992344
Lithuania2006,362592722796
Kuwait1999,361462553220
Romania1994,360893285796
Chile1989,358628221716
Slovakia1998,357946790472
Slovenia2003,356369377296
Czech Republic1991,356106027240
Bulgaria2005,355639413000
Luxembourg2003,354687900672
Panama2010,353283451200
Turkmenistan2011,350799999996
Slovakia2000,349378507464
Romania1991,347984210532
Paraguay2013,347590878024
Bahrain2011,345319148940
Ireland1986,344987525652
Ecuador2002,342587340000
Cuba1994,341379921084
Cuba1999,340375382904
Sri Lanka2006,339208926516
Latvia2011,338682633900
Ecuador1997,337944636324
Puerto Rico1989,337934400000
Latvia2012,337439952636
Bulgaria1987,337212000000
Ecuador1998,335782763376
Trinidad and Tobago2008,334443094728
Cyprus2008,334073531568
Slovakia1996,333862965780
Slovakia1997,331921794492
Israel1985,329923097808
Cyprus2011,329125938276
Guatemala2005,326536526700
Kuwait1995,326300268096
Portugal1985,325421714088
Panama2009,325399627200
Latvia2015,323674360728
Kazakhstan1990,323192746788
Croatia2002,322541990472
Costa Rica2007,320926490472
Puerto Rico1988,316629600000
Romania1993,316354736844
Serbia2005,315024093960
Estonia2014,314695469412
Latvia2009,314038248540
Lithuania2005,313506911304
Chile1988,312482757516
Bulgaria2004,311495651064
Cyprus2009,311311475412
Kuwait1998,311303153544
Cuba1998,308835974964
Slovakia1995,308796517644
Bahrain2010,308559255324
Bahrain2008,308530531920
Cyprus2010,306747019872
Trinidad and Tobago2011,305196136860
Croatia1998,305185732872
Uruguay1998,304631138376
Cuba1997,304394400000
Singapore1988,304046723652
Ecuador1996,302716718364
Panama2008,301870663200
Estonia2013,301645837788
Romania1992,301460000004
Paraguay2011,301196177532
Cyprus2012,300496466664
Cuba1996,300207600000
New Zealand1985,299410741692
Kazakhstan1992,298883274720
Kazakhstan1991,298573627032
Serbia2004,298337799372
Kuwait1994,298181806056
Kazakhstan2002,295639118676
Paraguay2012,295143834888
Ecuador2001,293619888000
Ecuador1995,293194613304
Estonia2008,290328471072
Cyprus2013,289014869892
Cyprus2007,288929646864
Puerto Rico1987,288309600000
Uruguay1999,287807342292
Uruguay1997,287637876120
Guatemala2004,287583311952
Kuwait1993,287296696692
Croatia1997,285865044636
Latvia2010,285088419480
Croatia1996,284136152364
Luxembourg2002,283395945792
Slovenia2002,282762921096
Uruguay2007,280926871608
Kazakhstan1993,280908329712
Croatia1999,280643347164
Cyprus2014,280311529788
Croatia2001,279476053224
Estonia2011,278042878812
Estonia2012,276526374120
Bahrain2009,275258617020
Uruguay2000,273879069624
Ecuador1994,272504080044
Slovenia1999,272279939880
Lithuania2004,271799166912
Costa Rica2006,271205182536
El Salvador2014,271030094400
Turkmenistan2010,270997894740
Estonia2015,270803483784
Bulgaria1988,270671294112
Croatia1995,268650742140
Cuba1993,268407058380
Kuwait1987,268388813784
Chile1987,267064892220
Estonia2007,266844740760
Luxembourg1999,266831148516
Kazakhstan1997,265991184756
Trinidad and Tobago2010,265895380752
Kazakhstan2001,265832329944
Kazakhstan1998,265622944956
Slovenia1998,265505224464
Cuba1992,265030298916
Puerto Rico1986,264111600000
Bulgaria1989,263861333328
El Salvador2013,263728822800
Guatemala2003,263012477892
Luxembourg1996,261319317264
Croatia2000,261291285984
Bahrain2007,260760000000
Belarus1990,259800000000
Trinidad and Tobago2007,259707648552
Luxembourg1995,259058045976
Slovenia1996,257760276204
Latvia2006,257364258840
Kuwait1985,257311436172
El Salvador2012,256633836000
Iceland2007,255839360880
Panama2007,255551810400
Ireland1985,255545836596
Slovenia1995,255276664776
Luxembourg2001,255269025504
Luxembourg2000,255162177996
Kazakhstan1994,255010071096
Serbia2003,254264448972
Kazakhstan1996,252424293996
Bulgaria2003,251792231772
Uruguay2001,250785461004
Singapore1987,250771562412
Slovenia2001,250504644816
Guatemala2002,249320033604
Slovenia1997,248989687272
Bulgaria1990,247585090908
Uruguay1996,246186516468
Cyprus2006,244844561532
Kazakhstan1995,244491684564
Slovenia2000,244106416272
Puerto Rico1985,243470400000
El Salvador2011,243405404400
Bulgaria1986,242991529416
Turkmenistan2009,242572631580
Luxembourg1998,242509464324
Slovakia1994,240952363512
Paraguay2010,240366336516
Costa Rica2005,239425877700
Luxembourg1997,236782949928
Cyprus2015,236114006880
Estonia2009,235829911644
Ecuador1999,235743271632
Uruguay2006,234953495592
Estonia2010,233891236188
Guatemala1998,232745903916
Uruguay1995,231571957164
Guatemala2000,231465925908
Turkmenistan2008,231258278148
Trinidad and Tobago2009,230102357352
Singapore1985,229659556512
Ecuador1993,227264608308
Chile1986,226692585828
Sri Lanka2003,226581185244
Lithuania2003,225630923856
Cyprus2005,224437756500
Guatemala2001,224433628740
Bosnia and Herzegovina2011,223736686332
Singapore1986,222831507660
Bosnia and Herzegovina2014,222700122096
Costa Rica2004,222357215208
Bahrain2006,222060638292
Paraguay2008,222049569036
El Salvador2010,221375068800
Serbia1999,220912369764
Trinidad and Tobago2006,220428841020
Ecuador2000,219933178584
Luxembourg1994,219909496980
Guatemala1999,219820947012
Kazakhstan2000,219503887428
Serbia1998,219410336160
Panama2006,217699995600
Ecuador1992,217130857428
Belarus1991,216000000000
El Salvador2008,215842634400
Kuwait1986,214844180316
Belarus2003,213933495852
Guatemala1997,213480314664
Chile1985,212434624728
Iceland2008,211900905108
El Salvador2009,211219392000
Qatar2001,210461538456
Uruguay1994,209695773504
Cyprus2004,209068500000
Uruguay2005,208354292208
Iceland2014,207648396252
Costa Rica2003,206350410480
Bulgaria1985,205865052636
Ecuador1985,205789135080
Uzbekistan1999,204941591784
Iceland2006,204583770816
Belarus1992,204444444444
El Salvador2007,204141010800
Ecuador1991,203862423216
Estonia2006,203563500192
Iceland2015,203306968488
Latvia2005,203070048540
Iceland2016,203040981010
Kazakhstan1999,202449805620
Cyprus2016,201538716810
Iceland2005,200297881368
Sri Lanka2002,198438427764
Georgia2014,198111669936
Costa Rica2002,198057545436
Luxembourg1993,197842802244
Slovakia1993,197426413212
Panama2005,196492726800
Sri Lanka2000,195969770160
Belarus1993,195371900832
Bulgaria2002,195317477136
Georgia2013,193680564144
Serbia2002,193402117752
Luxembourg1992,192788889336
El Salvador2006,191998636800
Trinidad and Tobago2005,191787389544
Bahrain2005,191624722344
Paraguay2009,191158825656
Costa Rica2001,190960360020
Georgia2012,190157695152
Sri Lanka1998,189539674164
Sri Lanka2001,188997045660
Guatemala1996,188098027380
Sri Lanka1999,187875934320
Iceland2013,186579858528
Slovakia1992,185175456072
Ecuador1986,183769727856
Ecuador1990,182871337200
Belarus1998,182664151920
Sri Lanka1997,181102966608
Panama2004,180160580400
Uruguay1993,180025278216
Uzbekistan1998,179867654532
Costa Rica2000,179394175020
Belarus1994,179184290028
Belarus1996,177082153848
Uzbekistan1997,176935245288
Iceland2011,176792274420
El Salvador2005,176376016800
Guatemala1995,175864853196
Bulgaria1998,175571915472
Belarus2002,175130988276
Jamaica2011,173278924236
Georgia2011,173215439784
Latvia2004,172479229872
Luxembourg1991,171862545540
Uzbekistan2005,171690118068
Iceland2012,171504104940
Lithuania2002,171340287408
Costa Rica1999,170347481100
Belarus1997,169540902792
Bulgaria2001,168907401468
Estonia2005,168073059564
Georgia2015,167922560784
Belarus1995,167672122092
Uzbekistan1996,167386706592
Ecuador1987,167345182584
Sri Lanka1996,166772860500
Ecuador1989,166689944496
Paraguay2007,165538927608
Uzbekistan2000,165124493856
El Salvador2004,164697730800
Iceland2004,164673891012
Panama2003,164327774400
Uruguay2004,164235958680
Uzbekistan1991,164131466664
Costa Rica1998,163408865040
Uruguay2002,163277935188
Bulgaria1999,161940904392
Uzbekistan1990,160327295016
Uzbekistan1995,160205627004
Iceland2010,159726813636
Trinidad and Tobago2004,159363301476
El Salvador2003,158926706400
Luxembourg1990,158750975376
Jamaica2010,158299748232
Bulgaria2000,157836198372
Bahrain2004,157802001060
Uzbekistan1993,157188166032
Bulgaria1995,156761071428
Ecuador1988,156622638624
Panama2002,155931724800
Guatemala1994,155798826816
Iceland2009,155329376832
Uzbekistan1992,155295568512
Uzbekistan1994,154789883892
Albania2008,154576232256
Mauritius2014,153641351208
Belarus2000,152842281936
El Salvador2002,151970283600
Turkmenistan2007,151969981236
Nicaragua2015,151333044372
Costa Rica1997,150624856404
Panama2001,150024160800
Belarus2001,148257841728
Panama2000,147649380000
El Salvador2001,147390403200
Serbia2001,147206105772
Lithuania2001,147029987052
Belarus1999,145661838384
Panama1999,145563026400
Mauritius2013,145555707552
Estonia2004,144710414904
Uruguay2003,144547573116
Albania2009,144530554848
Jamaica2009,144465950952
Uzbekistan2004,144360282576
Albania2010,143123439108
Jamaica2006,142866302364
Nicaragua2014,142565265888
El Salvador2000,141419132400
Latvia2003,140981197884
Mauritius2015,140307444792
Mauritius2012,140024226288
Armenia2008,139944488568
Georgia2010,139662442008
Costa Rica1996,139419438636
Armenia2014,139314155280
Panama1998,138905836800
Lithuania2000,138470537760
Mauritius2011,138220720404
Costa Rica1995,138161672328
Uzbekistan2001,136816217040
Guatemala1993,136799309436
Iceland2003,135797299920
Trinidad and Tobago2003,135665517624
El Salvador1999,135410364000
Lithuania1998,134884330776
Malta2014,134808544512
Jamaica2005,134452992000
Bulgaria1997,134347345260
Armenia2013,133457589204
Bahrain2003,132897864888
Nicaragua2013,131795667072
Lithuania1999,131674543632
Bulgaria1991,131322580644
El Salvador1998,131240038800
Bulgaria1993,129956521740
Georgia2009,129201709188
Bahamas2012,128646000000
Albania2007,128412142764
Panama1997,128127433200
Paraguay2006,127753895040
Bahamas2013,127531200000
Armenia2012,127431840588
Bahamas2007,127420080000
Cyprus1999,127373462784
Malta2015,126888322056
Armenia2015,126640052076
Nicaragua2012,126384013560
Bahamas2008,126312000000
Guatemala1992,125290105980
Costa Rica1994,125191432680
Luxembourg1989,124698056508
Bulgaria1992,124206185568
Turkmenistan2006,123331177824
El Salvador1997,122660470800
Mauritius2016,122324636560
Cyprus2000,122199811500
Georgia2007,122074436160
Bahamas2006,122007000000
Jamaica2004,121811737860
Malta2013,121741370160
Armenia2011,121705336008
Uzbekistan2003,121537348812
Lithuania1997,121443293916
Bulgaria1996,121315345704
Bahamas2010,121149120000
Bahamas2011,120845400000
Mauritius2010,120044048280
Mauritius2008,119884440192
Bahamas2009,119783520000
Paraguay1997,119582705964
Panama1996,118445928000
Bahamas2005,118034400000
Estonia2003,118006448508
Paraguay1996,117460700796
Nicaragua2011,117291800304
Luxembourg1988,117001932636
Bulgaria1994,116369003688
Jamaica2002,116330037084
Uzbekistan2002,116255412660
Bahrain2002,115585860636
El Salvador1996,115035933600
Latvia2002,114557298768
Costa Rica1993,114447570084
Malta2011,114091743120
Guatemala1991,112873172820
Jamaica2003,112793371308
Mongolia2016,111834581310
Uruguay1990,111586075860
Armenia2010,111123419256
Malta2012,110514711552
Iceland2002,110492278992
Armenia2007,110475620400
Jamaica2001,110136197916
Mauritius2009,109546117308
Bahrain2000,108754882980
Paraguay1995,108745575696
Bahamas2004,108663480000
Paraguay1998,108294809808
Trinidad and Tobago2002,108099284652
Albania2006,107911708188
Jamaica2000,107824233984
Malta2008,107725794636
Bahrain2001,107714492556
Iceland2000,107125685256
El Salvador1995,107063365200
Iceland1999,107007432432
Bahamas2002,106573920000
Bahamas2003,106441080000
Azerbaijan1990,106296072432
Trinidad and Tobago2001,105898479108
Azerbaijan1991,105508389732
Armenia2016,105461351600
Nicaragua2010,105103467948
Malta2010,104892715236
Paraguay2005,104815845708
Azerbaijan2004,104165666028
Armenia2009,103775240976
Luxembourg1987,103370586708
Costa Rica1992,102343117008
Malta2009,102338427336
Iceland1998,101444450544
Uruguay1989,101267417712
Guatemala1989,100928692332
Paraguay1999,100710596424
Lithuania1996,100621308240
Latvia2001,100203035592
Bahamas2001,99813960000
Uruguay1988,98562185508
Paraguay2000,98351918772
Albania2005,97902584604
Trinidad and Tobago2000,97852058796
Mauritius2007,97801665084
Qatar1995,97654943736
Iceland2001,97636141728
Turkmenistan2005,97252268604
Bahamas2000,96917640000
Paraguay2004,96406528320
Latvia2000,95253107760
Malta2007,94566110052
Paraguay1994,94451786052
Lithuania1995,94449387132
Guatemala1988,94099233888
Georgia1990,93042022416
Georgia2006,92944874412
Bahamas1999,92206440000
Paraguay2001,91951140912
Guatemala1990,91801502604
Iceland1997,90586945260
Latvia1999,90398251260
Kyrgyzstan2014,89617158804
Costa Rica1990,88841487828
Trinidad and Tobago1985,88511020404
Uruguay1987,88409928960
Kyrgyzstan2013,88020331104
Iceland1996,87971582868
Estonia2002,87864834132
Albania2004,87778382112
Azerbaijan2003,87312156384
Guatemala1986,86783562192
Latvia1998,86099821284
Costa Rica1991,86027993136
Guatemala1987,85012798080
Mauritius2006,84345640392
Iceland1995,84217201836
Paraguay1991,83812413156
Iceland1992,83712963972
Luxembourg1986,83055169584
Costa Rica1989,82396824336
Turkmenistan2004,82060213056
Bahamas1998,81998640000
Panama1987,81931983600
Trinidad and Tobago1999,81707790252
Iceland1991,81688390776
Panama1986,81574010400
Malta2006,81085434696
El Salvador1993,80163230400
Kyrgyzstan2015,80138140080
Bahrain1999,79452124464
Kyrgyzstan2012,79261679196
Paraguay2003,79057246032
Panama1985,78498205200
Serbia2000,78482966280
Latvia1997,78308115168
Georgia2005,76930231152
Sri Lanka1986,76862526768
Malta2005,76738216644
Mauritius2004,76628342244
Armenia2006,76613419272
Iceland1990,76474860876
Georgia1991,76291390728
Bahrain1997,76190428728
Bahamas1997,75988320000
Paraguay2002,75901821120
Iceland1994,75537641964
Mauritius2005,75405639072
Macau1994,75190131024
Estonia2001,74940836808
Azerbaijan2002,74829541248
Kyrgyzstan2011,74373193428
Bahrain1998,74205319152
Iceland1993,73517474100
Costa Rica1988,72765112452
Malta2004,72753363228
Trinidad and Tobago1998,72524331960
Iceland1988,72194026752
Sri Lanka1985,71741531664
Turkmenistan2003,71730730524
Latvia1996,71640535992
Panama1989,71021637600
Panama1988,70833400800
Uruguay1986,70561353456
Costa Rica1987,70093595544
El Salvador1992,69760791600
Latvia1995,69460422132
Trinidad and Tobago1996,69114452712
Albania2003,68963350956
Trinidad and Tobago1997,68853015984
Estonia1999,68722775976
Azerbaijan2001,68492644692
Paraguay1990,68342418756
Estonia2000,68229297708
Estonia1998,67405310940
Mauritius2003,67317975936
Iceland1989,67062396084
Costa Rica1986,65734745700
Malta2003,65479003068
Trinidad and Tobago1992,65274635292
Iceland1987,65262449784
Trinidad and Tobago1995,63950569956
Trinidad and Tobago1991,63694870584
Azerbaijan2000,63271406352
El Salvador1991,63028108800
Suriname2014,62887272732
Suriname2013,61749090912
Kyrgyzstan2008,61679493420
Georgia2004,61504356012
Trinidad and Tobago1990,60816000000
Estonia1997,60794885028
Azerbaijan1992,59896205496
Suriname2012,59760000000
Trinidad and Tobago1994,59366470320
El Salvador1990,57810506448
Trinidad and Tobago1987,57573333336
Costa Rica1985,57559541532
Trinidad and Tobago1986,57533333328
Kyrgyzstan2010,57532293540
Mauritius2002,57207637848
Estonia1996,56953317204
Luxembourg1985,56862716220
Uruguay1985,56784214476
Kyrgyzstan2009,56280747060
Malta2002,56277992280
Trinidad and Tobago1993,56033862192
Barbados2011,55930800000
Barbados2012,55876200000
Barbados2013,55350000000
Barbados2008,55287600000
Paraguay1989,55199647416
Jamaica1990,55106688804
Mauritius2000,54990661500
Azerbaijan1999,54974669304
Montenegro2008,54548094336
Mauritius2001,54438458532
Barbados2007,54285000000
Trinidad and Tobago1988,53962224876
Turkmenistan2002,53543741988
Barbados2010,53539800000
Azerbaijan1998,53356754616
Albania2002,53220943776
Barbados2009,53208600000
Suriname2011,53067319464
Mauritius1996,53063326920
Jamaica1989,52859640708
Estonia1995,52483981752
Suriname2010,52420776576
Malta2001,51982447776
Trinidad and Tobago1989,51876705888
Malta2000,51674309232
Mauritius1999,51494073792
Barbados2006,50959200000
Mauritius1997,50248411224
Mauritius1998,50035971420
Montenegro2009,49911964440
Malta1999,49527765816
Jamaica1991,48854630376
Albania2001,48729105648
Mauritius1995,48484151196
Azerbaijan1993,47676328764
Fiji2012,47664150852
Azerbaijan1997,47552521956
Iceland1986,47166220392
Malta1998,47083655652
Barbados2005,46767600000
Suriname2009,46504918032
Jamaica1988,45939728820
Kyrgyzstan2007,45630794052
Paraguay1987,45339796560
Fiji2011,45294367392
Malta1997,44464464468
Bahrain1988,44428723404
Georgia1992,44283947568
Montenegro2007,44168524500
Bahrain1985,43822340424
Albania2000,43584526896
Georgia1998,43362001404
Bahamas1996,43308000000
Malta1996,42843258696
Mauritius1994,42697644480
Turkmenistan2001,42417647064
Suriname2008,42395628420
Fiji2008,42278231040
Barbados2004,42172200000
Georgia1997,42126489708
Malta1995,41279182884
Paraguay1986,41276598744
Bahamas1995,41148000000
Albania1999,40977130980
Fiji2007,40860607344
Bahrain1987,40704252132
Albania1996,39778779504
Azerbaijan1994,39764876088
Jamaica1987,39443850624
Barbados2003,39298200000
Mauritius1993,39160420920
Bahamas1994,39108000000
Mauritius1992,38691210576
Georgia2001,38633852964
Turkmenistan1991,38497187028
Turkmenistan1992,38406477792
Turkmenistan1990,38274475692
Turkmenistan1993,38150711388
Azerbaijan1996,38120995116
Barbados2002,38035200000
Barbados2000,37458000000
Barbados2001,37399800000
Fiji2006,37232897412
Georgia1996,37138986072
Bahamas1993,37104000000
Georgia2000,36689441796
Azerbaijan1995,36629610264
Malta1992,36262922604
Turkmenistan1988,36131788968
Turkmenistan1989,36083858604
Fiji2005,36080700180
Malta1994,35982841764
Guyana2013,35880078408
Paraguay1985,35594809272
Iceland1985,35278140456
Suriname2007,35239344264
Turkmenistan2000,34855951260
Fiji2009,34447495632
Guyana2012,34338747192
Mauritius1991,34282688172
Kyrgyzstan2006,34010026668
Armenia2003,33684732108
Georgia1999,33600291768
Aruba2008,33503530728
Maldives2011,33292221120
Jamaica1986,33054794112
Malta1991,33000497208
Fiji2004,32730086556
Montenegro2006,32662852836
Bahamas1987,32567998800
Malta1993,32510139924
Albania1998,32485485264
Georgia1995,32324782392
Kyrgyzstan1990,32088000000
Mauritius1990,31841760012
Suriname2006,31516565220
Aruba2007,31484715084
Turkmenistan1998,31268256780
Maldives2010,31058112660
Aruba2011,31013564244
Guyana2011,30912289392
Kyrgyzstan1991,30849999996
Turkmenistan1994,30733423296
Malta1990,30565962984
Georgia1994,30166447044
Aruba2009,29987195532
Turkmenistan1995,29786741280
Aruba2010,29612446932
Kyrgyzstan2005,29522976312
Turkmenistan1999,29408239920
Turkmenistan1997,29401019640
Albania1995,29093988108
Aruba2006,29057698320
Turkmenistan1996,28551381216
Armenia2002,28516020576
Albania1997,28318837296
Albania1989,28021499856
Turkmenistan1987,27976305840
Aruba2005,27972067044
Bahamas1985,27848398800
Kyrgyzstan1992,27798750000
Fiji2003,27791229036
Guyana2010,27278700504
Maldives2008,27259754256
Barbados1995,27143638440
Montenegro2005,27086093772
Armenia1990,27082066296
Aruba2004,26739351960
Kyrgyzstan2004,26538423744
Mauritius1989,26293162320
Albania1987,25879498800
Barbados1994,25815542184
Mauritius1988,25721813856
Albania1988,25512000000
Malta1989,25422897264
Armenia2001,25421614956
Jamaica1985,25202677800
Montenegro2004,24878813016
Armenia1991,24822318264
Guyana2009,24735886248
Barbados1993,24554268384
Kyrgyzstan1993,24339545460
Barbados1990,24279819024
Aruba2003,24255620112
Malta1988,24233690928
Barbados1989,24188772348
Barbados1991,24085317948
Albania1994,23828085576
San Marino2005,23504539236
Barbados1992,23410800000
Aruba2002,23293139664
Guyana2008,23071177452
Aruba2001,23043150840
Kyrgyzstan2003,23028153372
Armenia2000,22938763980
Armenia1998,22724717244
Mauritius1987,22665055860
Aruba2000,22481430168
Maldives2007,22420601532
Cabo Verde2011,22377888972
Armenia1999,22145786172
Fiji2002,22112297772
Kyrgyzstan1996,21930847032
Barbados1988,21873787128
Suriname2005,21525057660
Belize2015,21342811200
Kyrgyzstan1997,21214368432
Malta1987,21014973156
Guyana2007,20884017384
Aruba1999,20673586596
Barbados1987,20565255852
Montenegro2003,20492520636
Belize2014,20447412600
Kyrgyzstan1994,20172083916
Kyrgyzstan1995,19932222228
Fiji2001,19921228152
Kyrgyzstan1998,19751565000
Armenia1997,19673909088
Belize2013,19350886200
Kyrgyzstan2002,19267687596
Armenia1996,19163626956
Belize2012,18884043000
Barbados1986,18675860904
Saint Lucia2014,18623052444
Kyrgyzstan2001,18301346904
Saint Lucia2013,17879146668
Belize2011,17844067200
Suriname2004,17809110456
Mauritius1986,17628553380
Armenia1995,17619808200
Guyana2006,17501393436
Saint Lucia2011,17252217780
Saint Lucia2012,17241639996
Malta1986,17220950400
Barbados1985,17010906600
Belize2010,16765361400
Saint Lucia2010,16583619108
Seychelles2015,16507251348
Kyrgyzstan2000,16436318052
Belize2008,16423501800
Antigua and Barbuda2008,16421172444
Antigua and Barbuda2015,16378356444
Seychelles2014,16115967672
Belize2009,16043487000
Seychelles2013,15937098288
Aruba1995,15848044692
Armenia1994,15781904040
Antigua and Barbuda2007,15736815996
Belize2007,15486880800
Montenegro2002,15416220612
Saint Lucia2008,15386584884
Antigua and Barbuda2014,15361599996
Armenia1992,15270929472
Suriname2003,15254352936
Saint Lucia2009,15155680884
Kyrgyzstan1999,14988744300
Albania1993,14736852456
Maldives2004,14721954756
Antigua and Barbuda2009,14691036000
Belize2006,14609611200
San Marino1999,14587683780
Antigua and Barbuda2012,14536940448
Armenia1993,14415758412
Antigua and Barbuda2013,14315104884
Maldives2005,13960349256
Suriname1988,13930800000
Montenegro2001,13918430952
Antigua and Barbuda2006,13884065328
Saint Lucia2006,13610323560
Malta1985,13414023432
Belize2005,13370670600
San Marino2000,13222775016
Mauritius1985,12967704396
Suriname2002,12940825536
Seychelles2011,12789920040
Seychelles2012,12713986608
Belize2004,12694146000
Maldives2003,12625452660
Seychelles2007,12402739848
Antigua and Barbuda2005,12266295552
Seychelles2006,12197018748
Grenada2015,11964095112
Belize2003,11884488600
Montenegro2000,11811571068
Suriname1987,11758200000
Seychelles2010,11639238300
Seychelles2008,11606395128
Saint Lucia2005,11414488392
Suriname1998,11340000000
Belize2002,11190622200
Suriname1997,11155290000
Antigua and Barbuda2004,11034925776
Seychelles2005,11029239060
Grenada2014,10937777772
Maldives2002,10764375000
Saint Lucia2004,10717286532
Suriname2000,10705972728
Suriname1986,10692000000
Suriname1999,10625330232
Grenada2016,10561885930
Suriname1985,10479000000
Belize2001,10462327200
Maldives2001,10442156868
Suriname1996,10327571076
Antigua and Barbuda2003,10267717332
Seychelles2009,10168774200
Grenada2013,10111441332
Seychelles2004,10071839124
Belize2000,9984869400
Antigua and Barbuda2000,9961905336
Grenada2008,9911734668
Guyana2005,9898566600
Saint Lucia2003,9886045692
Antigua and Barbuda2002,9775383996
Antigua and Barbuda2001,9608883108
Grenada2012,9598585776
Guyana2004,9431025240
Saint Lucia2000,9409910748
Grenada2011,9343784004
Saint Lucia1999,9311217756
Grenada2009,9255337332
Grenada2010,9252190668
Antigua and Barbuda1999,9194387112
Suriname2001,9161586600
Grenada2007,9104203116
Saint Vincent and Grenadines2015,9080000004
Guyana1997,8989656120
Saint Lucia2002,8980159272
Saint Lucia2001,8925696912
Guyana2003,8903152116
Saint Lucia1998,8850658464
Belize1999,8792788200
Antigua and Barbuda1998,8734327116
Saint Vincent and Grenadines2014,8702222220
Guyana2002,8669530632
Saint Vincent and Grenadines2013,8654485776
Guyana1998,8610368196
Albania1992,8513431008
Seychelles2003,8468457792
Guyana1996,8464872012
Grenada2006,8384408004
Seychelles2002,8370218976
Guyana2001,8355377664
Saint Vincent and Grenadines2008,8345146224
Grenada2005,8344443552
Guyana1999,8337059856
Suriname1995,8327647056
Saint Vincent and Grenadines2012,8315204892
Belize1998,8267909400
Saint Vincent and Grenadines2010,8174711556
Saint Lucia1997,8123395128
Saint Vincent and Grenadines2011,8113552884
Saint Vincent and Grenadines2009,8099069772
Saint Lucia1996,7946354220
Belize1997,7851772200
Saint Vincent and Grenadines2007,7821999996
Belize1996,7696605600
Saint Lucia1995,7685394012
Maldives2000,7492045740
Seychelles2001,7467144684
Guyana1995,7459521432
Belize1995,7441684800
Saint Vincent and Grenadines2006,7331160444
Saint Lucia1994,7200066768
Grenada2004,7189423116
Grenada2003,7092220884
Antigua and Barbuda1994,7073155116
Belize1994,6970364400
Antigua and Barbuda1995,6927368892
Saint Lucia1993,6898444860
Saint Lucia1992,6802736988
Belize1993,6718299000
Saint Vincent and Grenadines2005,6608744004
Suriname1989,6510240000
Guyana1994,6490499208
Grenada2002,6484043112
Antigua and Barbuda1993,6422073336
Saint Vincent and Grenadines2004,6263701332
Grenada2001,6245330220
Saint Lucia1991,6165045816
Antigua and Barbuda1992,5991373776
Saint Lucia1990,5807549172
Saint Vincent and Grenadines2003,5781675552
Antigua and Barbuda1991,5780475996
Saint Vincent and Grenadines2002,5542601328
Antigua and Barbuda1990,5513628888
Suriname1991,5379600000
Belize1991,5336649000
Guyana1993,5307281196
Antigua and Barbuda1989,5265537336
Saint Vincent and Grenadines2001,5160484440
Saint Lucia1989,4986217344
Guyana1988,4965599880
Belize1990,4956600000
Suriname1992,4855200000
Antigua and Barbuda1988,4783652892
Guyana1990,4758987156
Saint Vincent and Grenadines2000,4755240000
Saint Vincent and Grenadines1999,4688629776
Suriname1990,4659600000
Guyana1989,4557352680
Saint Vincent and Grenadines1998,4483438224
Guyana1992,4419376548
Grenada1996,4402937328
Saint Lucia1988,4398493092
Belize1989,4357800000
Saint Vincent and Grenadines1997,4173240000
Grenada1995,4106070228
Antigua and Barbuda1987,4046098224
Guyana1991,4040501028
Saint Vincent and Grenadines1996,3977876448
Grenada1994,3901341780
Saint Lucia1987,3839987844
Saint Vincent and Grenadines1995,3792101772
Grenada1992,3721925328
Grenada1993,3717746220
Grenada1991,3609094668
Antigua and Barbuda1986,3485281776
Saint Lucia1986,3476276448
Grenada1990,3337185336
Belize1987,3318600000
Grenada1989,3207931560
Seychelles1987,2991204480
Antigua and Barbuda1985,2891087112
Saint Vincent and Grenadines1990,2884383108
Grenada1988,2836290228
Saint Kitts and Nevis1992,2753214228
Belize1986,2734200000
Saint Kitts and Nevis1991,2518571556
Saint Kitts and Nevis1990,2504885328
Seychelles1986,2494207488
Saint Vincent and Grenadines1987,2106967560
Seychelles1985,2026650468
Grenada1985,2012741328
Saint Vincent and Grenadines1986,1930160004
Saint Vincent and Grenadines1985,1747700448
Dominica1985,1183022220
Kiribati1999,828387096
Kiribati1997,810449760
Kiribati2000,807050088
Kiribati1996,798184524
Kiribati1998,784018092
Kiribati2001,757215264
Kiribati1995,676056336
Kiribati1994,657990936
Kiribati1992,572855460
Kiribati1991,570182268
Kiribati1993,563035500
